<?xml version="1.0" encoding="UTF-8"?>
<project-private xmlns="http://www.netbeans.org/ns/project-private/1">
    <editor-bookmarks xmlns="http://www.netbeans.org/ns/editor-bookmarks/1"/>
    <editor-bookmarks xmlns="http://www.netbeans.org/ns/editor-bookmarks/2" lastBookmarkId="0"/>
    <open-files xmlns="http://www.netbeans.org/ns/projectui-open-files/2">
        <group>
            <file>file:/C:/Users/Brit%20Briggs/Downloads/lab1p2-student/lab1p2-student/lcd.c</file>
            <file>file:/C:/Users/Brit%20Briggs/Downloads/lab1p2-student/lab1p2-student/interrupt.c</file>
            <file>file:/C:/Users/Brit%20Briggs/Downloads/lab1p2-student/lab1p2-student/main.c</file>
            <file>file:/C:/Users/Brit%20Briggs/Downloads/lab1p2-student/lab1p2-student/timer.c</file>
        </group>
    </open-files>
</project-private>
